"playerID";"nameLast";"nameFirst";"ISO";"BA";"speedRatio";"WOBA";"SLG";"yearsPlayed";"finalGame";"debut";"G";"AB";"R";"H";"1B";"2B";"3B";"HR";"RBI";"BB";"SO";"HBP"
"carrach01";"Carrasquel";"Chico";0.0835;0.2551;0.7888;0.2961313085129545;0.3386;9.0;"1959-09-23";"1950-04-18";1184.0;4120.0;496.0;1051.0;829.0;151.0;20.0;51.0;428.0;425.0;421.0;33.0
"jenseja01";"Jensen";"Jackie";0.1814;0.2809;0.6568;0.3578527031564808;0.4623;11.0;"1961-10-01";"1950-04-18";1393.0;5166.0;797.0;1451.0;953.0;257.0;43.0;198.0;924.0;743.0;538.0;23.0
"fondyde01";"Fondy";"Dee";0.1271;0.2856;0.74;0.31629360902255643;0.4126;7.0;"1958-09-21";"1951-04-17";967.0;3502.0;437.0;1000.0;740.0;144.0;47.0;69.0;373.0;203.0;526.0;7.0
"mantlmi01";"Mantle";"Mickey";0.2587;0.2981;0.6058;0.4143280171972566;0.5568;17.0;"1968-09-28";"1951-04-17";2401.0;8102.0;1677.0;2415.0;1463.0;344.0;72.0;536.0;1509.0;1733.0;1710.0;13.0
"mcmilro01";"McMillan";"Roy";0.0781;0.2427;0.7828;0.28013156978301634;0.3208;15.0;"1966-08-03";"1951-04-17";2093.0;6752.0;739.0;1639.0;1283.0;253.0;35.0;68.0;594.0;665.0;711.0;57.0
"mcdougi01";"McDougald";"Gil";0.1337;0.2761;0.7289;0.33464758034026465;0.4098;9.0;"1960-10-02";"1951-04-20";1336.0;4676.0;697.0;1291.0;941.0;187.0;51.0;112.0;576.0;559.0;623.0;36.0
"mayswi01";"Mays";"Willie";0.2558;0.3017;0.597;0.3948812906901042;0.5575;22.0;"1973-09-09";"1951-05-25";2992.0;10881.0;2062.0;3283.0;1960.0;523.0;140.0;660.0;1903.0;1464.0;1526.0;44.0
"runnepe01";"Runnels";"Pete";0.0874;0.2909;0.7869;0.3314112812025928;0.3783;13.0;"1964-05-14";"1951-07-01";1799.0;6373.0;876.0;1854.0;1459.0;282.0;64.0;49.0;630.0;844.0;627.0;28.0
"matheed01";"Mathews";"Eddie";0.2383;0.2712;0.5948;0.37709734886523394;0.5094;16.0;"1968-09-27";"1952-04-15";2391.0;8537.0;1509.0;2315.0;1377.0;354.0;72.0;512.0;1453.0;1444.0;1487.0;26.0
"groatdi01";"Groat";"Dick";0.0806;0.2857;0.7858;0.3008683212771264;0.3662;15.0;"1967-10-01";"1952-06-18";1929.0;7484.0;829.0;2138.0;1680.0;352.0;67.0;39.0;707.0;490.0;512.0;31.0
"kuennha01";"Kuenn";"Harvey";0.1055;0.3026;0.7615;0.3295148772395488;0.4081;14.0;"1966-10-02";"1952-09-06";1833.0;6913.0;951.0;2092.0;1593.0;356.0;56.0;87.0;671.0;594.0;404.0;15.0
"greenji02";"Greengrass";"Jim";0.179;0.2688;0.6535;0.33380223804679554;0.4479;4.0;"1956-09-30";"1952-09-09";504.0;1793.0;243.0;482.0;315.0;82.0;16.0;69.0;282.0;165.0;271.0;4.0
"brutobi01";"Bruton";"Bill";0.12;0.2726;0.7353;0.31130821145642895;0.3927;11.0;"1964-10-02";"1953-04-13";1610.0;6056.0;937.0;1651.0;1214.0;241.0;102.0;94.0;545.0;482.0;793.0;29.0
"gilliji01";"Gilliam";"Jim";0.09;0.2653;0.7671;0.3171753203954595;0.3554;13.0;"1966-09-30";"1953-04-14";1956.0;7119.0;1163.0;1889.0;1449.0;304.0;71.0;65.0;558.0;1036.0;416.0;33.0
"kalinal01";"Kaline";"Al";0.1824;0.2973;0.6768;0.3640946326941598;0.4796;21.0;"1974-10-02";"1953-06-25";2834.0;10116.0;1622.0;3007.0;2035.0;498.0;75.0;399.0;1583.0;1277.0;1020.0;55.0
"smithal04";"Smith";"Al";0.1572;0.2722;0.679;0.3403729818241362;0.4293;11.0;"1964-10-04";"1953-07-10";1517.0;5357.0;843.0;1458.0;990.0;258.0;46.0;164.0;676.0;674.0;768.0;63.0
"bankser01";"Banks";"Ernie";0.2253;0.2742;0.6094;0.34653109732072496;0.4995;18.0;"1971-09-26";"1953-09-17";2528.0;9421.0;1305.0;2583.0;1574.0;407.0;90.0;512.0;1636.0;763.0;1236.0;70.0
"aaronha01";"Aaron";"Hank";0.2495;0.305;0.6083;0.38700421253485984;0.5545;22.0;"1976-10-03";"1954-04-13";3298.0;12364.0;2174.0;3771.0;2294.0;624.0;98.0;755.0;2297.0;1402.0;1383.0;32.0
"bollifr01";"Bolling";"Frank";0.1113;0.2544;0.7406;0.2948844162269129;0.3657;12.0;"1966-09-15";"1954-04-13";1540.0;5562.0;692.0;1415.0;1048.0;221.0;40.0;106.0;556.0;462.0;558.0;30.0
"powervi01";"Power";"Vic";0.1267;0.2838;0.729;0.3091884627475636;0.4105;11.0;"1965-10-03";"1954-04-13";1627.0;6046.0;765.0;1716.0;1251.0;290.0;49.0;126.0;658.0;279.0;247.0;15.0
"boyerke01";"Boyer";"Ken";0.1744;0.2875;0.6883;0.3446244542555801;0.4618;14.0;"1969-08-09";"1955-04-12";2034.0;7455.0;1104.0;2143.0;1475.0;318.0;68.0;282.0;1141.0;713.0;1017.0;20.0
"virdobi01";"Virdon";"Bill";0.1124;0.2669;0.7437;0.29958489421281886;0.3793;13.0;"1968-07-31";"1955-04-12";1583.0;5980.0;735.0;1596.0;1187.0;237.0;81.0;91.0;502.0;442.0;647.0;8.0
"clemero01";"Clemente";"Roberto";0.1578;0.3173;0.718;0.3516537116595065;0.4751;17.0;"1972-10-03";"1955-04-17";2433.0;9454.0;1416.0;3000.0;2154.0;440.0;166.0;240.0;1305.0;621.0;1230.0;35.0
"richabo01";"Richardson";"Bobby";0.0691;0.2659;0.8135;0.27514414827890554;0.3349;11.0;"1966-10-02";"1955-08-05";1412.0;5386.0;643.0;1432.0;1165.0;196.0;37.0;34.0;390.0;262.0;243.0;7.0
"colavro01";"Colavito";"Rocky";0.2225;0.266;0.6081;0.36205254509018037;0.4885;13.0;"1968-09-28";"1955-09-10";1841.0;6503.0;971.0;1730.0;1052.0;283.0;21.0;374.0;1159.0;951.0;880.0;29.0
"malzofr01";"Malzone";"Frank";0.1253;0.2738;0.7355;0.3063489760798485;0.399;11.0;"1966-10-01";"1955-09-17";1441.0;5428.0;647.0;1486.0;1093.0;239.0;21.0;133.0;728.0;337.0;434.0;17.0
"robinbr01";"Robinson";"Brooks";0.1335;0.2673;0.7128;0.30859996540091694;0.4008;22.0;"1977-08-13";"1955-09-17";2896.0;10654.0;1232.0;2848.0;2030.0;482.0;68.0;268.0;1357.0;860.0;990.0;53.0
"blasido01";"Blasingame";"Don";0.0689;0.2579;0.8089;0.2913388159017233;0.3269;11.0;"1966-08-27";"1955-09-20";1444.0;5296.0;731.0;1366.0;1105.0;178.0;62.0;21.0;308.0;552.0;462.0;15.0
"aparilu01";"Aparicio";"Luis";0.0808;0.2617;0.7874;0.2852530460758577;0.3425;17.0;"1973-09-28";"1956-04-17";2601.0;10230.0;1335.0;2677.0;2108.0;394.0;92.0;83.0;791.0;736.0;742.0;27.0
"lumpeje01";"Lumpe";"Jerry";0.0886;0.2675;0.7801;0.2971721051650196;0.3561;11.0;"1967-10-01";"1956-04-17";1371.0;4912.0;620.0;1314.0;1025.0;190.0;52.0;47.0;454.0;428.0;411.0;8.0
"nealch01";"Neal";"Charlie";0.1357;0.2587;0.7226;0.3142950788471996;0.3945;7.0;"1963-09-29";"1956-04-17";970.0;3316.0;461.0;858.0;620.0;113.0;38.0;87.0;391.0;337.0;557.0;20.0
"robinfr02";"Robinson";"Frank";0.2429;0.2941;0.597;0.38887719847062907;0.537;20.0;"1976-09-18";"1956-04-17";2808.0;10006.0;1829.0;2943.0;1757.0;528.0;72.0;586.0;1812.0;1420.0;1532.0;198.0
"whitebi03";"White";"Bill";0.1698;0.2857;0.6805;0.3434636737178512;0.4555;13.0;"1969-09-24";"1956-05-07";1673.0;5972.0;843.0;1706.0;1161.0;278.0;65.0;202.0;870.0;596.0;927.0;28.0
"mazerbi01";"Mazeroski";"Bill";0.1073;0.26;0.755;0.28354967000733317;0.3672;16.0;"1972-10-04";"1956-07-07";2163.0;7755.0;769.0;2016.0;1522.0;294.0;62.0;138.0;853.0;447.0;706.0;20.0
"marisro01";"Maris";"Roger";0.2164;0.2598;0.6136;0.35146952693370165;0.4762;11.0;"1968-09-29";"1957-04-16";1463.0;5101.0;826.0;1325.0;813.0;195.0;42.0;275.0;851.0;652.0;733.0;38.0
"kubekto01";"Kubek";"Tony";0.0982;0.2661;0.761;0.28663077972266426;0.3643;8.0;"1965-10-03";"1957-04-20";1092.0;4167.0;522.0;1109.0;844.0;178.0;30.0;57.0;373.0;217.0;441.0;13.0
"cepedor01";"Cepeda";"Orlando";0.2029;0.2966;0.6499;0.356082897973527;0.4994;16.0;"1974-09-19";"1958-04-15";2124.0;7927.0;1131.0;2351.0;1528.0;417.0;27.0;379.0;1365.0;588.0;1169.0;102.0
"pinsova01";"Pinson";"Vada";0.1562;0.2858;0.6852;0.32625962847695;0.4421;17.0;"1975-09-28";"1958-04-15";2469.0;9645.0;1365.0;2757.0;1889.0;485.0;127.0;256.0;1169.0;574.0;1196.0;54.0
"aloufe01";"Alou";"Felipe";0.1465;0.2863;0.7078;0.32324140625;0.4328;16.0;"1974-04-24";"1958-06-08";2082.0;7339.0;985.0;2101.0;1487.0;359.0;49.0;206.0;852.0;423.0;706.0;57.0
"willsma01";"Wills";"Maury";0.0499;0.2812;0.8744;0.29265261674224785;0.3312;13.0;"1972-10-04";"1959-06-06";1942.0;7588.0;1067.0;2134.0;1866.0;177.0;71.0;20.0;458.0;552.0;684.0;16.0
"willibi01";"Williams";"Billy";0.2019;0.2899;0.6503;0.3600014909478168;0.4919;17.0;"1976-10-02";"1959-08-06";2488.0;9350.0;1410.0;2711.0;1763.0;434.0;88.0;426.0;1475.0;1045.0;1046.0;43.0
"gonzato01";"Gonzalez";"Tony";0.1272;0.2859;0.732;0.3278533800350263;0.4131;11.0;"1971-09-29";"1960-04-12";1559.0;5195.0;690.0;1485.0;1087.0;238.0;57.0;103.0;615.0;467.0;706.0;71.0
"javieju01";"Javier";"Julian";0.0979;0.2567;0.7624;0.2802782809917356;0.3546;12.0;"1972-10-01";"1960-05-28";1622.0;5722.0;722.0;1469.0;1120.0;216.0;55.0;78.0;506.0;314.0;812.0;21.0
"santoro01";"Santo";"Ron";0.1873;0.2768;0.6566;0.3530564646355905;0.4641;14.0;"1974-09-29";"1960-06-26";2243.0;8143.0;1138.0;2254.0;1480.0;365.0;67.0;342.0;1331.0;1108.0;1343.0;38.0
"cardele01";"Cardenas";"Leo";0.1099;0.2572;0.738;0.2888717109842684;0.3671;15.0;"1975-09-26";"1960-07-25";1941.0;6707.0;662.0;1725.0;1273.0;285.0;49.0;118.0;689.0;522.0;1135.0;28.0
"daviswi02";"Davis";"Willie";0.1327;0.2792;0.7208;0.3066364341887417;0.4118;19.0;"1979-09-30";"1960-09-08";2429.0;9174.0;1217.0;2561.0;1846.0;395.0;138.0;182.0;1053.0;418.0;977.0;51.0
"torrejo01";"Torre";"Joe";0.1547;0.2974;0.7203;0.34890017319016287;0.4521;17.0;"1977-06-17";"1960-09-25";2209.0;7874.0;996.0;2342.0;1687.0;344.0;59.0;252.0;1185.0;779.0;1094.0;85.0
"schilch01";"Schilling";"Chuck";0.0787;0.2387;0.7787;0.2749200741770978;0.3174;4.0;"1965-10-03";"1961-04-11";541.0;1969.0;230.0;470.0;366.0;76.0;5.0;23.0;146.0;176.0;236.0;11.0
"yastrca01";"Yastrzemski";"Carl";0.1768;0.2852;0.6616;0.3591955758630693;0.462;22.0;"1983-10-02";"1961-04-11";3308.0;11988.0;1816.0;3419.0;2262.0;646.0;59.0;452.0;1844.0;1845.0;1393.0;40.0
"thomale03";"Thomas";"Lee";0.1423;0.2548;0.7178;0.3135359749455338;0.3971;7.0;"1968-09-27";"1961-04-22";1027.0;3324.0;405.0;847.0;608.0;111.0;22.0;106.0;428.0;332.0;397.0;32.0
"treshto01";"Tresh";"Tom";0.1661;0.2449;0.6484;0.323127146985962;0.411;8.0;"1969-09-29";"1961-09-03";1192.0;4251.0;595.0;1041.0;675.0;179.0;34.0;153.0;530.0;550.0;698.0;40.0
"brocklo01";"Brock";"Lou";0.1176;0.2926;0.7433;0.32166663051337674;0.4102;18.0;"1979-09-30";"1961-09-10";2616.0;10332.0;1610.0;3023.0;2247.0;486.0;141.0;149.0;900.0;761.0;1730.0;49.0
"harpeto01";"Harper";"Tommy";0.1222;0.2567;0.7278;0.31417506375743837;0.3788;14.0;"1976-09-29";"1962-04-09";1810.0;6269.0;972.0;1609.0;1171.0;256.0;36.0;146.0;567.0;753.0;1080.0;35.0
"pepitjo01";"Pepitone";"Joe";0.1736;0.258;0.6867;0.3107906476155131;0.4316;11.0;"1973-05-25";"1962-04-10";1397.0;5097.0;606.0;1315.0;903.0;158.0;35.0;219.0;721.0;302.0;526.0;28.0
"charled01";"Charles";"Ed";0.1335;0.2634;0.7132;0.3143259018946275;0.3969;7.0;"1969-10-01";"1962-04-11";1005.0;3482.0;438.0;917.0;654.0;147.0;30.0;86.0;421.0;332.0;525.0;28.0
"olivato01";"Oliva";"Tony";0.1722;0.3042;0.6886;0.3480979952479953;0.4764;14.0;"1976-09-29";"1962-09-09";1676.0;6301.0;870.0;1917.0;1320.0;329.0;48.0;220.0;947.0;448.0;645.0;59.0
"alvisma01";"Alvis";"Max";0.143;0.2466;0.6927;0.29777496813663007;0.3896;8.0;"1970-09-27";"1962-09-11";1013.0;3629.0;421.0;895.0;620.0;142.0;22.0;111.0;373.0;262.0;662.0;35.0
"rosepe01";"Rose";"Pete";0.1065;0.3029;0.7554;0.3384461312188259;0.4093;23.0;"1986-08-17";"1963-04-08";3562.0;14053.0;2165.0;4256.0;3215.0;746.0;135.0;160.0;1314.0;1566.0;1143.0;107.0
"huntro01";"Hunt";"Ron";0.0737;0.273;0.8006;0.3198306481021051;0.3467;11.0;"1974-09-28";"1963-04-16";1483.0;5235.0;745.0;1429.0;1144.0;223.0;23.0;39.0;370.0;555.0;382.0;243.0
"wertdo01";"Wert";"Don";0.1016;0.2419;0.7621;0.28812106748177757;0.3435;8.0;"1971-06-11";"1963-05-11";1110.0;3840.0;417.0;929.0;708.0;129.0;15.0;77.0;366.0;389.0;529.0;31.0
"wynnji01";"Wynn";"Jim";0.1858;0.2503;0.6306;0.3463557765391436;0.436;14.0;"1977-09-27";"1963-07-10";1920.0;6653.0;1105.0;1665.0;1050.0;285.0;39.0;291.0;964.0;1224.0;1427.0;27.0
"allendi01";"Allen";"Dick";0.2418;0.2919;0.5942;0.3820040519770853;0.5336;14.0;"1977-06-19";"1963-09-03";1749.0;6332.0;1099.0;1848.0;1098.0;320.0;79.0;351.0;1119.0;894.0;1556.0;16.0
"bufordo01";"Buford";"Don";0.1151;0.2642;0.7556;0.3251183864199886;0.3793;9.0;"1972-10-03";"1963-09-14";1286.0;4553.0;718.0;1203.0;909.0;157.0;44.0;93.0;418.0;672.0;575.0;41.0
"knoopbo01";"Knoop";"Bobby";0.098;0.2363;0.75;0.2723086479591837;0.3343;8.0;"1972-09-20";"1964-04-13";1153.0;3622.0;337.0;856.0;642.0;129.0;29.0;56.0;331.0;305.0;833.0;14.0
"parkewe01";"Parker";"Wes";0.1083;0.267;0.7387;0.3142710874200426;0.3753;8.0;"1972-10-01";"1964-04-19";1288.0;4157.0;548.0;1110.0;820.0;194.0;32.0;64.0;470.0;532.0;615.0;24.0
"campabe01";"Campaneris";"Bert";0.0831;0.259;0.7875;0.28611872277122513;0.3421;19.0;"1983-10-01";"1964-07-23";2328.0;8684.0;1181.0;2249.0;1771.0;313.0;86.0;79.0;646.0;618.0;1142.0;64.0
"kessido01";"Kessinger";"Don";0.0596;0.2524;0.8198;0.2750859029779059;0.312;15.0;"1979-07-31";"1964-09-07";2078.0;7651.0;899.0;1931.0;1583.0;254.0;80.0;14.0;527.0;684.0;759.0;22.0
"beckegl01";"Beckert";"Glenn";0.0622;0.2828;0.831;0.2894555616040646;0.345;10.0;"1975-04-27";"1965-04-12";1320.0;5208.0;685.0;1473.0;1224.0;196.0;31.0;22.0;360.0;260.0;243.0;19.0
"tovarce01";"Tovar";"Cesar";0.09;0.2776;0.771;0.3061691004768953;0.3676;11.0;"1976-09-29";"1965-04-12";1488.0;5569.0;834.0;1546.0;1192.0;253.0;55.0;46.0;435.0;413.0;410.0;88.0
"clarkho01";"Clarke";"Horace";0.0576;0.2556;0.8374;0.2742968238691049;0.3131;9.0;"1974-09-15";"1965-05-13";1272.0;4813.0;548.0;1230.0;1030.0;150.0;23.0;27.0;304.0;365.0;362.0;11.0
"mayle01";"May";"Lee";0.1924;0.2669;0.643;0.32609846153846156;0.4593;17.0;"1982-09-24";"1965-09-01";2071.0;7609.0;959.0;2031.0;1306.0;340.0;31.0;354.0;1244.0;487.0;1570.0;49.0
"whitero01";"White";"Roy";0.1326;0.2711;0.7166;0.3313891806722689;0.4038;14.0;"1979-09-27";"1965-09-07";1881.0;6650.0;964.0;1803.0;1292.0;300.0;51.0;160.0;758.0;934.0;708.0;29.0
"scottge02";"Scott";"George";0.1667;0.268;0.6802;0.32790855182553297;0.4347;13.0;"1979-09-27";"1966-04-12";2034.0;7433.0;957.0;1992.0;1355.0;306.0;60.0;271.0;1051.0;699.0;1418.0;53.0
"foyjo01";"Foy";"Joe";0.124;0.2476;0.7138;0.31834294584339423;0.3716;5.0;"1971-05-27";"1966-04-13";716.0;2484.0;355.0;615.0;439.0;102.0;16.0;58.0;291.0;390.0;405.0;18.0
"millafe01";"Millan";"Felix";0.0641;0.2792;0.8213;0.2891476151849448;0.3433;11.0;"1977-08-12";"1966-06-02";1480.0;5791.0;699.0;1617.0;1328.0;229.0;38.0;22.0;403.0;318.0;242.0;63.0
"bandosa01";"Bando";"Sal";0.1545;0.2535;0.6821;0.33085110375275933;0.4081;15.0;"1981-10-03";"1966-09-03";2019.0;7060.0;982.0;1790.0;1221.0;289.0;38.0;242.0;1039.0;1031.0;923.0;75.0
"andremi01";"Andrews";"Mike";0.111;0.2577;0.7385;0.31902249375173564;0.3687;7.0;"1973-09-29";"1966-09-18";893.0;3116.0;441.0;803.0;593.0;140.0;4.0;66.0;316.0;458.0;390.0;16.0
"carewro01";"Carew";"Rod";0.1014;0.3278;0.7874;0.35334748978400465;0.4292;18.0;"1985-10-05";"1967-04-11";2469.0;9315.0;1424.0;3053.0;2404.0;445.0;112.0;92.0;1015.0;1018.0;1028.0;25.0
"jacksre01";"Jackson";"Reggie";0.2281;0.262;0.584;0.35846501468102143;0.4901;20.0;"1987-10-04";"1967-06-09";2820.0;9864.0;1551.0;2584.0;1509.0;463.0;49.0;563.0;1702.0;1375.0;2597.0;96.0
"raderdo02";"Rader";"Doug";0.1519;0.2511;0.6628;0.3109441258255127;0.403;10.0;"1977-10-02";"1967-07-31";1465.0;5186.0;631.0;1302.0;863.0;245.0;39.0;155.0;722.0;528.0;1055.0;40.0
"benchjo01";"Bench";"Johnny";0.2084;0.2674;0.6123;0.3442928663616097;0.4758;16.0;"1983-09-29";"1967-08-28";2158.0;7658.0;1091.0;2048.0;1254.0;381.0;24.0;389.0;1376.0;891.0;1278.0;19.0
"bondsbo01";"Bonds";"Bobby";0.203;0.2678;0.6288;0.35190851356419556;0.4708;13.0;"1981-10-04";"1968-06-25";1849.0;7043.0;1258.0;1886.0;1186.0;302.0;66.0;332.0;1024.0;914.0;1757.0;53.0
"mayca01";"May";"Carlos";0.1184;0.2735;0.7471;0.3245465721040189;0.392;9.0;"1977-10-02";"1968-09-06";1165.0;4120.0;545.0;1127.0;842.0;172.0;23.0;90.0;536.0;512.0;565.0;45.0
"oliveal01";"Oliver";"Al";0.1481;0.3031;0.6992;0.3350150280024891;0.4512;17.0;"1985-10-05";"1968-09-23";2368.0;9049.0;1189.0;2743.0;1918.0;529.0;77.0;219.0;1326.0;535.0;756.0;82.0
"sizemte01";"Sizemore";"Ted";0.0597;0.2616;0.823;0.2827593647316539;0.3213;11.0;"1980-05-27";"1969-04-07";1411.0;5011.0;577.0;1311.0;1079.0;188.0;21.0;23.0;430.0;469.0;350.0;20.0
"evansda01";"Evans";"Darrell";0.1831;0.2477;0.6496;0.34240748911191066;0.4308;20.0;"1989-10-01";"1969-04-20";2687.0;8973.0;1344.0;2223.0;1444.0;329.0;36.0;414.0;1354.0;1605.0;1410.0;35.0
"munsoth01";"Munson";"Thurman";0.1183;0.2915;0.7599;0.3246534260690366;0.4098;10.0;"1979-08-01";"1969-08-08";1423.0;5344.0;696.0;1558.0;1184.0;229.0;32.0;113.0;701.0;438.0;571.0;42.0
"garvest01";"Garvey";"Steve";0.1519;0.2942;0.7095;0.32702081545064376;0.4461;18.0;"1987-05-23";"1969-09-01";2332.0;8835.0;1143.0;2599.0;1844.0;440.0;43.0;272.0;1308.0;479.0;1003.0;29.0
"cashda01";"Cash";"Dave";0.0753;0.2829;0.7963;0.30098788131355225;0.3581;11.0;"1980-10-05";"1969-09-13";1422.0;5554.0;732.0;1571.0;1251.0;243.0;56.0;21.0;426.0;424.0;309.0;18.0
"bucknbi01";"Buckner";"Bill";0.119;0.2889;0.7344;0.30794529620253164;0.4079;21.0;"1990-05-30";"1969-09-21";2517.0;9397.0;1077.0;2715.0;1994.0;498.0;49.0;174.0;1208.0;450.0;453.0;42.0
"conceda01";"Concepcion";"Dave";0.0903;0.2667;0.7687;0.2929153277736726;0.357;18.0;"1988-09-15";"1970-04-06";2488.0;8723.0;993.0;2326.0;1788.0;389.0;48.0;101.0;950.0;736.0;1186.0;21.0
"bowala01";"Bowa";"Larry";0.06;0.2603;0.8284;0.27021479735039855;0.3203;15.0;"1985-10-06";"1970-04-07";2247.0;8418.0;987.0;2191.0;1815.0;262.0;99.0;15.0;525.0;474.0;569.0;17.0
"doylede01";"Doyle";"Denny";0.066;0.2502;0.8092;0.26626960113960113;0.3161;7.0;"1977-09-30";"1970-04-07";944.0;3290.0;357.0;823.0;666.0;113.0;28.0;16.0;237.0;205.0;310.0;11.0
"cedence01";"Cedeno";"Cesar";0.1577;0.2855;0.667;0.33473342479421303;0.4432;16.0;"1986-06-02";"1970-06-20";2006.0;7310.0;1084.0;2087.0;1392.0;436.0;60.0;199.0;976.0;664.0;938.0;56.0
"singlke01";"Singleton";"Ken";0.1537;0.2822;0.7102;0.3559779509757258;0.4359;14.0;"1984-09-25";"1970-06-24";2082.0;7189.0;985.0;2029.0;1441.0;317.0;25.0;246.0;1065.0;1263.0;1246.0;17.0
"luzingr01";"Luzinski";"Greg";0.2018;0.2759;0.624;0.3564601509840928;0.4778;14.0;"1984-09-24";"1970-09-09";1821.0;6505.0;880.0;1795.0;1120.0;344.0;24.0;307.0;1128.0;845.0;1495.0;84.0
"baylodo01";"Baylor";"Don";0.1752;0.2604;0.6571;0.3334627286421347;0.4356;18.0;"1988-10-01";"1970-09-18";2292.0;8198.0;1236.0;2135.0;1403.0;366.0;28.0;338.0;1276.0;805.0;1069.0;267.0
"chambch01";"Chambliss";"Chris";0.1362;0.2786;0.7065;0.31864714791743004;0.4147;17.0;"1988-05-08";"1971-05-28";2175.0;7571.0;912.0;2109.0;1490.0;392.0;42.0;185.0;972.0;632.0;926.0;27.0
"stennre01";"Stennett";"Rennie";0.0845;0.2741;0.791;0.2846760346283784;0.3585;10.0;"1981-08-24";"1971-07-10";1237.0;4521.0;500.0;1239.0;980.0;177.0;41.0;41.0;432.0;207.0;348.0;16.0
"kingmda01";"Kingman";"Dave";0.242;0.2359;0.5511;0.32944231031194654;0.4779;15.0;"1986-10-05";"1971-07-30";1941.0;6677.0;901.0;1575.0;868.0;240.0;25.0;442.0;1210.0;608.0;1816.0;53.0
"ceyro01";"Cey";"Ron";0.184;0.2608;0.644;0.34119239117180833;0.4448;16.0;"1987-07-12";"1971-09-03";2073.0;7162.0;977.0;1868.0;1203.0;328.0;21.0;316.0;1139.0;1012.0;1235.0;62.0
"coopece01";"Cooper";"Cecil";0.1676;0.2983;0.6793;0.33774705656513954;0.4659;16.0;"1987-07-12";"1971-09-08";1896.0;7349.0;1012.0;2192.0;1489.0;415.0;47.0;241.0;1125.0;448.0;911.0;17.0
"bellbu01";"Bell";"Buddy";0.1267;0.2795;0.7287;0.32082579827673596;0.4062;17.0;"1989-06-17";"1972-04-15";2405.0;8995.0;1151.0;2514.0;1832.0;425.0;56.0;201.0;1106.0;836.0;776.0;38.0
"maddoga01";"Maddox";"Garry";0.1283;0.2846;0.7137;0.3102050373692078;0.4129;14.0;"1986-04-20";"1972-04-25";1749.0;6331.0;777.0;1802.0;1286.0;337.0;62.0;117.0;754.0;323.0;781.0;36.0
"reitzke01";"Reitz";"Ken";0.0986;0.2602;0.7401;0.2746909363745498;0.3588;10.0;"1982-06-03";"1972-09-05";1344.0;4777.0;366.0;1243.0;920.0;243.0;12.0;68.0;548.0;184.0;518.0;35.0
"matthga01";"Matthews";"Gary";0.1571;0.2814;0.6997;0.3465082348596751;0.4385;15.0;"1987-10-02";"1972-09-06";2033.0;7147.0;1083.0;2011.0;1407.0;319.0;51.0;234.0;978.0;940.0;1125.0;21.0
"schmimi01";"Schmidt";"Mike";0.2598;0.2675;0.5457;0.38061948197054346;0.5273;17.0;"1989-05-28";"1972-09-12";2404.0;8352.0;1506.0;2234.0;1219.0;408.0;59.0;548.0;1595.0;1507.0;1883.0;79.0
"evansdw01";"Evans";"Dwight";0.1983;0.2719;0.6153;0.35998262407956394;0.4702;19.0;"1991-10-06";"1972-09-16";2606.0;8996.0;1470.0;2446.0;1505.0;483.0;73.0;385.0;1384.0;1391.0;1697.0;53.0
"garcipe01";"Garcia";"Pedro";0.128;0.2198;0.643;0.26305648340248966;0.3478;4.0;"1977-06-08";"1973-04-06";558.0;1797.0;196.0;395.0;254.0;89.0;15.0;37.0;184.0;102.0;329.0;21.0
"whitefr01";"White";"Frank";0.1276;0.2552;0.6884;0.2880747931406643;0.3829;17.0;"1990-09-30";"1973-06-12";2324.0;7859.0;912.0;2006.0;1381.0;407.0;58.0;160.0;886.0;412.0;1035.0;30.0
"winfida01";"Winfield";"Dave";0.1919;0.2827;0.6486;0.3499065505054656;0.4745;22.0;"1995-10-01";"1973-06-19";2973.0;11003.0;1669.0;3110.0;2017.0;540.0;88.0;465.0;1833.0;1216.0;1686.0;25.0
"parkeda01";"Parker";"Dave";0.1809;0.2898;0.6534;0.3389824827723959;0.4707;18.0;"1991-10-02";"1973-07-12";2466.0;9358.0;1272.0;2712.0;1772.0;526.0;75.0;339.0;1493.0;683.0;1537.0;56.0
"brettge01";"Brett";"George";0.1826;0.3048;0.6452;0.35764504353944937;0.4874;20.0;"1993-10-03";"1973-08-02";2707.0;10349.0;1583.0;3154.0;2035.0;665.0;137.0;317.0;1596.0;1096.0;908.0;33.0
"madlobi01";"Madlock";"Bill";0.1372;0.3045;0.7286;0.3425970616770617;0.4418;14.0;"1987-10-04";"1973-09-07";1806.0;6594.0;920.0;2008.0;1463.0;348.0;34.0;163.0;860.0;605.0;510.0;68.0
"yountro01";"Yount";"Robin";0.1443;0.2854;0.6945;0.32874093775933605;0.4297;19.0;"1993-10-03";"1974-04-05";2856.0;11008.0;1632.0;3142.0;2182.0;583.0;126.0;251.0;1406.0;966.0;1350.0;48.0
"cowenal01";"Cowens";"Al";0.133;0.27;0.6975;0.30872778335005013;0.403;12.0;"1986-06-08";"1974-04-06";1584.0;5534.0;704.0;1494.0;1042.0;276.0;68.0;108.0;717.0;389.0;659.0;34.0
"hargrmi01";"Hargrove";"Mike";0.101;0.2901;0.7683;0.344785914207484;0.3911;11.0;"1985-10-06";"1974-04-07";1666.0;5564.0;783.0;1614.0;1240.0;266.0;28.0;80.0;686.0;965.0;550.0;53.0
"lefloro01";"LeFlore";"Ron";0.1039;0.2878;0.7755;0.3192001238901508;0.3917;8.0;"1982-09-03";"1974-08-01";1099.0;4458.0;731.0;1283.0;995.0;172.0;57.0;59.0;353.0;363.0;888.0;17.0
"riceji01";"Rice";"Jim";0.2039;0.2981;0.6599;0.36127632575757573;0.502;15.0;"1989-08-03";"1974-08-19";2089.0;8225.0;1249.0;2452.0;1618.0;373.0;79.0;382.0;1451.0;670.0;1423.0;64.0
"hernake01";"Hernandez";"Keith";0.14;0.2961;0.703;0.3508097705931297;0.4361;16.0;"1990-07-24";"1974-08-30";2088.0;7370.0;1124.0;2182.0;1534.0;426.0;60.0;162.0;1071.0;1070.0;1012.0;32.0
"parrila01";"Parrish";"Larry";0.1758;0.2634;0.6372;0.320174931880109;0.4392;14.0;"1988-10-02";"1974-09-06";1891.0;6792.0;850.0;1789.0;1140.0;360.0;33.0;256.0;992.0;529.0;1359.0;42.0
"remyje01";"Remy";"Jerry";0.0532;0.2752;0.8491;0.2894242298945628;0.3284;9.0;"1984-05-18";"1975-04-07";1154.0;4455.0;605.0;1226.0;1041.0;140.0;38.0;7.0;329.0;356.0;404.0;4.0
"bostoly01";"Bostock";"Lyman";0.1153;0.3114;0.7516;0.33833663003663;0.4266;3.0;"1978-09-23";"1975-04-08";526.0;2004.0;305.0;624.0;469.0;102.0;30.0;23.0;250.0;171.0;174.0;9.0
"smallro02";"Smalley";"Roy";0.1384;0.257;0.7029;0.32176762288726934;0.3954;12.0;"1987-10-04";"1975-04-30";1653.0;5657.0;745.0;1454.0;1022.0;244.0;25.0;163.0;694.0;771.0;908.0;14.0
"randowi01";"Randolph";"Willie";0.0758;0.2756;0.8032;0.3228000857816856;0.3515;17.0;"1992-10-04";"1975-07-29";2202.0;8018.0;1239.0;2210.0;1775.0;316.0;65.0;54.0;687.0;1243.0;675.0;38.0
"morenom01";"Moreno";"Omar";0.0913;0.2518;0.7653;0.2814278210838902;0.3431;11.0;"1986-10-05";"1975-09-06";1382.0;4992.0;699.0;1257.0;962.0;171.0;87.0;37.0;386.0;387.0;885.0;17.0
"lemonch01";"Lemon";"Chet";0.1693;0.273;0.6416;0.3419468364197531;0.4423;15.0;"1990-10-03";"1975-09-09";1988.0;6868.0;973.0;1875.0;1203.0;396.0;61.0;215.0;884.0;749.0;1024.0;151.0
"thompja01";"Thompson";"Jason";0.1774;0.2609;0.6616;0.3464121190518624;0.4384;10.0;"1986-06-23";"1976-04-23";1418.0;4802.0;640.0;1253.0;829.0;204.0;12.0;208.0;782.0;816.0;862.0;9.0
"templga01";"Templeton";"Garry";0.0973;0.2715;0.7591;0.28323690520794303;0.3687;15.0;"1991-10-05";"1976-08-09";2079.0;7721.0;893.0;2096.0;1591.0;329.0;106.0;70.0;728.0;375.0;1092.0;9.0
"dawsoan01";"Dawson";"Andre";0.2028;0.2794;0.6255;0.33711557253348423;0.4822;20.0;"1996-09-29";"1976-09-11";2627.0;9927.0;1373.0;2774.0;1735.0;503.0;98.0;438.0;1591.0;589.0;1509.0;111.0
"murphda05";"Murphy";"Dale";0.2038;0.2652;0.6272;0.3448185915492958;0.469;17.0;"1993-05-21";"1976-09-13";2180.0;7960.0;1197.0;2111.0;1324.0;350.0;39.0;398.0;1266.0;986.0;1748.0;28.0
"richage01";"Richards";"Gene";0.0933;0.2897;0.7899;0.32157006924852527;0.3829;7.0;"1984-09-30";"1977-04-06";1026.0;3549.0;502.0;1028.0;812.0;127.0;63.0;26.0;255.0;356.0;436.0;20.0
"murraed02";"Murray";"Eddie";0.189;0.2871;0.6624;0.35263670293019933;0.4761;20.0;"1997-09-20";"1977-04-07";3026.0;11336.0;1627.0;3255.0;2156.0;560.0;35.0;504.0;1917.0;1333.0;1516.0;18.0
"willsbu01";"Wills";"Bump";0.0937;0.2663;0.767;0.30324860368389783;0.3601;5.0;"1982-10-03";"1977-04-07";831.0;3030.0;472.0;807.0;619.0;128.0;24.0;36.0;302.0;310.0;441.0;17.0
"whitalo01";"Whitaker";"Lou";0.1496;0.2764;0.6923;0.34016185325033166;0.426;18.0;"1995-10-01";"1977-09-09";2390.0;8570.0;1386.0;2369.0;1640.0;420.0;65.0;244.0;1084.0;1197.0;1099.0;20.0
"molitpa01";"Molitor";"Paul";0.1417;0.3063;0.7129;0.34864876929495203;0.448;20.0;"1998-09-27";"1978-04-07";2683.0;10835.0;1782.0;3319.0;2366.0;605.0;114.0;234.0;1307.0;1094.0;1244.0;47.0
"smithoz01";"Smith";"Ozzie";0.0664;0.2618;0.7972;0.2931607248450167;0.3282;18.0;"1996-09-29";"1978-04-07";2573.0;9396.0;1257.0;2460.0;1961.0;402.0;69.0;28.0;793.0;1072.0;589.0;33.0
"lansfca01";"Lansford";"Carney";0.1208;0.2897;0.7478;0.3240814909696426;0.4106;14.0;"1992-10-04";"1978-04-08";1862.0;7158.0;1007.0;2074.0;1551.0;332.0;40.0;151.0;874.0;553.0;719.0;64.0
"reverda01";"Revering";"Dave";0.1643;0.2653;0.6687;0.3163748985801217;0.4296;4.0;"1982-10-01";"1978-04-08";557.0;1832.0;205.0;486.0;325.0;83.0;16.0;62.0;234.0;148.0;240.0;2.0
"castijo01";"Castino";"John";0.1194;0.2784;0.7508;0.3146851216593538;0.3978;5.0;"1984-05-07";"1979-04-06";666.0;2320.0;293.0;646.0;485.0;86.0;34.0;41.0;249.0;177.0;298.0;5.0
"henderi01";"Henderson";"Rickey";0.1399;0.2787;0.7142;0.3608341003394946;0.4186;24.0;"2003-09-19";"1979-06-24";3081.0;10961.0;2295.0;3055.0;2182.0;510.0;66.0;297.0;1115.0;2190.0;1694.0;98.0
"herrto01";"Herr";"Tom";0.0785;0.2711;0.7772;0.3045015656229181;0.3496;12.0;"1991-10-04";"1979-08-13";1514.0;5349.0;676.0;1450.0;1127.0;254.0;41.0;28.0;574.0;627.0;584.0;22.0
"baineha01";"Baines";"Harold";0.1754;0.2893;0.6786;0.34664196035242295;0.4647;21.0;"2001-09-27";"1980-04-10";2830.0;9908.0;1299.0;2866.0;1945.0;488.0;49.0;384.0;1628.0;1062.0;1441.0;14.0
"mosebll01";"Moseby";"Lloyd";0.1568;0.2569;0.66;0.3206176479654747;0.4138;11.0;"1991-10-06";"1980-05-24";1588.0;5815.0;869.0;1494.0;986.0;273.0;66.0;169.0;737.0;616.0;1135.0;58.0
"ramirra01";"Ramirez";"Rafael";0.081;0.2606;0.7849;0.274160186948243;0.3416;12.0;"1992-10-03";"1980-08-04";1539.0;5494.0;562.0;1432.0;1124.0;224.0;31.0;53.0;484.0;264.0;621.0;21.0
"wilsomo01";"Wilson";"Mookie";0.1119;0.2742;0.7387;0.2998544863459038;0.3861;11.0;"1991-10-06";"1980-09-02";1403.0;5094.0;731.0;1397.0;1032.0;227.0;71.0;67.0;438.0;282.0;866.0;23.0
"wallati01";"Wallach";"Tim";0.1585;0.2574;0.6508;0.3107174855327357;0.416;16.0;"1996-09-29";"1980-09-06";2212.0;8099.0;908.0;2085.0;1357.0;432.0;36.0;260.0;1125.0;649.0;1307.0;77.0
"bellge02";"Bell";"George";0.1912;0.278;0.6434;0.33038631562834836;0.4692;12.0;"1993-10-02";"1981-04-09";1587.0;6123.0;814.0;1702.0;1095.0;308.0;34.0;265.0;1002.0;331.0;771.0;49.0
"brunato01";"Brunansky";"Tom";0.1884;0.2453;0.6047;0.3258479348131498;0.4338;13.0;"1994-08-10";"1981-04-09";1800.0;6289.0;804.0;1543.0;933.0;306.0;33.0;271.0;919.0;770.0;1187.0;30.0
"davisch01";"Davis";"Chili";0.1769;0.2744;0.6622;0.34390870453616673;0.4513;18.0;"1999-10-03";"1981-04-10";2436.0;8673.0;1240.0;2380.0;1576.0;424.0;30.0;350.0;1372.0;1194.0;1698.0;15.0
"hayesvo01";"Hayes";"Von";0.1492;0.2671;0.6712;0.3298022517223996;0.4163;11.0;"1992-08-19";"1981-04-14";1495.0;5249.0;767.0;1402.0;941.0;282.0;36.0;143.0;696.0;712.0;804.0;22.0
"ripkeca01";"Ripken";"Cal";0.1718;0.2756;0.6614;0.33520572614757954;0.4474;20.0;"2001-10-06";"1981-08-10";3001.0;11551.0;1647.0;3184.0;2106.0;603.0;44.0;431.0;1695.0;1129.0;1305.0;66.0
"saxst01";"Sax";"Steve";0.0769;0.2808;0.8055;0.30165616511318244;0.3578;13.0;"1994-05-08";"1981-08-18";1769.0;6940.0;913.0;1949.0;1570.0;278.0;47.0;54.0;550.0;556.0;584.0;24.0
"butlebr01";"Butler";"Brett";0.0857;0.2903;0.8055;0.3335121813333333;0.376;16.0;"1997-09-28";"1981-08-20";2213.0;8180.0;1359.0;2375.0;1913.0;277.0;131.0;54.0;578.0;1129.0;907.0;38.0
"hrbekke01";"Hrbek";"Kent";0.1982;0.2825;0.6438;0.3590011694238448;0.4806;13.0;"1994-08-10";"1981-08-24";1747.0;6192.0;903.0;1749.0;1126.0;312.0;18.0;293.0;1086.0;838.0;798.0;26.0
"rayjo01";"Ray";"Johnny";0.1012;0.2895;0.745;0.30877780969479357;0.3907;9.0;"1990-09-30";"1981-09-02";1353.0;5188.0;604.0;1502.0;1119.0;294.0;36.0;53.0;594.0;353.0;329.0;12.0
"sandbry01";"Sandberg";"Ryne";0.1671;0.2846;0.6811;0.33958303959965186;0.4516;16.0;"1997-09-28";"1981-09-02";2164.0;8385.0;1318.0;2386.0;1625.0;403.0;76.0;282.0;1061.0;761.0;1260.0;34.0
"gaettga01";"Gaetti";"Gary";0.1789;0.2547;0.6307;0.3148720497532895;0.4336;19.0;"2000-04-12";"1981-09-20";2507.0;8951.0;1130.0;2280.0;1438.0;443.0;39.0;360.0;1341.0;634.0;1602.0;96.0
"boggswa01";"Boggs";"Wade";0.1148;0.3279;0.7485;0.36704090779603077;0.4427;17.0;"1999-08-27";"1982-04-10";2440.0;9180.0;1513.0;3010.0;2253.0;578.0;61.0;118.0;1014.0;1412.0;745.0;23.0
"wrighge03";"Wright";"George";0.1157;0.2449;0.7202;0.2771275907302142;0.3606;4.0;"1986-10-05";"1982-04-10";627.0;2160.0;231.0;529.0;381.0;88.0;18.0;42.0;208.0;126.0;314.0;9.0
"mcgeewi01";"McGee";"Willie";0.1013;0.2947;0.768;0.3122748148148148;0.396;17.0;"1999-10-03";"1982-05-10";2201.0;7649.0;1010.0;2254.0;1731.0;350.0;94.0;79.0;856.0;448.0;1238.0;15.0
"phillto02";"Phillips";"Tony";0.1234;0.2656;0.7182;0.33600689118595084;0.389;17.0;"1999-08-15";"1982-05-10";2161.0;7617.0;1300.0;2023.0;1453.0;360.0;50.0;160.0;819.0;1319.0;1499.0;42.0
"gwynnto01";"Gwynn";"Tony";0.1204;0.3382;0.7571;0.35727486979166667;0.4585;19.0;"2001-10-07";"1982-07-19";2440.0;9288.0;1383.0;3141.0;2378.0;543.0;85.0;135.0;1138.0;790.0;434.0;24.0
"obriepe03";"O'Brien";"Pete";0.1477;0.2614;0.6875;0.3188081632653061;0.409;11.0;"1993-07-20";"1982-09-03";1567.0;5437.0;654.0;1421.0;977.0;254.0;21.0;169.0;736.0;641.0;563.0;7.0
"doranbi02";"Doran";"Bill";0.1072;0.2662;0.7489;0.3181021247429746;0.3734;11.0;"1993-07-08";"1982-09-06";1453.0;5131.0;727.0;1366.0;1023.0;220.0;39.0;84.0;497.0;709.0;600.0;10.0
"mattido01";"Mattingly";"Don";0.1639;0.3074;0.6823;0.34712548864236664;0.4714;13.0;"1995-10-01";"1982-09-08";1785.0;7003.0;1007.0;2153.0;1469.0;442.0;20.0;222.0;1099.0;588.0;444.0;21.0
"mcreyke01";"McReynolds";"Kevin";0.182;0.2654;0.6317;0.32749536757301106;0.4474;11.0;"1994-08-11";"1983-06-02";1502.0;5423.0;727.0;1439.0;909.0;284.0;35.0;211.0;807.0;522.0;707.0;14.0
"vanslan01";"Van Slyke";"Andy";0.1693;0.2735;0.6492;0.3375551863983778;0.4428;12.0;"1995-10-01";"1983-06-17";1658.0;5711.0;835.0;1562.0;1014.0;293.0;91.0;164.0;792.0;667.0;1063.0;27.0
"cartejo01";"Carter";"Joe";0.2049;0.2593;0.5966;0.3235686906601899;0.4643;15.0;"1998-09-28";"1983-07-30";2189.0;8422.0;1170.0;2184.0;1303.0;432.0;53.0;396.0;1445.0;527.0;1387.0;90.0
"bradlph01";"Bradley";"Phil";0.135;0.2863;0.7164;0.34345909415971393;0.4214;7.0;"1990-09-29";"1983-09-02";1022.0;3695.0;565.0;1058.0;758.0;179.0;43.0;78.0;376.0;432.0;718.0;65.0
"gladdda01";"Gladden";"Dan";0.1122;0.2699;0.7391;0.30577595505617977;0.3821;10.0;"1993-10-03";"1983-09-05";1197.0;4501.0;663.0;1215.0;898.0;203.0;40.0;74.0;446.0;337.0;625.0;42.0
"davisal01";"Davis";"Alvin";0.1698;0.2804;0.672;0.3540528455284553;0.4502;8.0;"1992-06-25";"1984-04-11";1206.0;4240.0;568.0;1189.0;799.0;220.0;10.0;160.0;683.0;685.0;558.0;28.0
"puckeki01";"Puckett";"Kirby";0.1586;0.3181;0.7057;0.3534647675773663;0.4767;11.0;"1995-09-28";"1984-05-08";1783.0;7244.0;1071.0;2304.0;1626.0;414.0;57.0;207.0;1085.0;450.0;965.0;56.0
"preslji01";"Presley";"Jim";0.1732;0.2468;0.6229;0.30106180042238645;0.4199;7.0;"1991-06-07";"1984-06-24";959.0;3546.0;413.0;875.0;545.0;181.0;14.0;135.0;495.0;210.0;859.0;19.0
"pendlte01";"Pendleton";"Terry";0.1214;0.2698;0.718;0.30053271301342543;0.3912;14.0;"1998-09-25";"1984-07-18";1893.0;7032.0;851.0;1897.0;1362.0;356.0;39.0;140.0;946.0;486.0;979.0;15.0
"guilloz01";"Guillen";"Ozzie";0.0743;0.2638;0.7891;0.26827824027558483;0.3382;15.0;"2000-10-01";"1985-04-09";1993.0;6686.0;773.0;1764.0;1392.0;275.0;69.0;28.0;619.0;239.0;511.0;7.0
"colemvi01";"Coleman";"Vince";0.081;0.2636;0.7944;0.29406389170896785;0.3446;12.0;"1997-04-14";"1985-04-18";1371.0;5406.0;849.0;1425.0;1132.0;176.0;89.0;28.0;346.0;477.0;960.0;15.0
"whitede03";"White";"Devon";0.1558;0.2633;0.6603;0.3162373607111556;0.4191;16.0;"2001-10-05";"1985-09-02";1941.0;7344.0;1125.0;1934.0;1277.0;378.0;71.0;208.0;846.0;541.0;1526.0;87.0
"oneilpa01";"O'Neill";"Paul";0.1826;0.2876;0.6423;0.35188668289713937;0.4702;16.0;"2001-10-07";"1985-09-03";2053.0;7318.0;1041.0;2105.0;1352.0;451.0;21.0;281.0;1269.0;892.0;1166.0;22.0
"clarkwi02";"Clark";"Will";0.1932;0.3034;0.6457;0.3694858903265558;0.4966;14.0;"2000-10-01";"1986-04-08";1976.0;7173.0;1186.0;2176.0;1405.0;440.0;47.0;284.0;1205.0;937.0;1190.0;59.0
"joynewa01";"Joyner";"Wally";0.1506;0.289;0.6898;0.3409082581453634;0.4396;15.0;"2001-06-14";"1986-04-08";2033.0;7127.0;973.0;2060.0;1421.0;409.0;26.0;204.0;1106.0;833.0;825.0;38.0
"thompro01";"Thompson";"Robby";0.1459;0.2574;0.6664;0.31761755070202813;0.4033;10.0;"1996-09-22";"1986-04-08";1304.0;4612.0;671.0;1187.0;791.0;238.0;39.0;119.0;458.0;439.0;987.0;66.0
"bonilbo01";"Bonilla";"Bobby";0.1928;0.2787;0.6239;0.34919327751785273;0.4715;15.0;"2001-10-07";"1986-04-09";2113.0;7213.0;1084.0;2010.0;1254.0;408.0;61.0;287.0;1173.0;912.0;1204.0;28.0
"mcgrifr01";"McGriff";"Fred";0.2247;0.2843;0.6153;0.3742287871212878;0.5091;18.0;"2004-07-15";"1986-05-17";2460.0;8757.0;1349.0;2490.0;1532.0;441.0;24.0;493.0;1550.0;1305.0;1882.0;39.0
"quinore01";"Quinones";"Rey";0.1135;0.2433;0.7051;0.27702521263669505;0.3568;3.0;"1989-07-21";"1986-05-17";451.0;1533.0;173.0;373.0;263.0;75.0;6.0;29.0;159.0;89.0;240.0;11.0
"bondsba01";"Bonds";"Barry";0.3088;0.2981;0.5094;0.4278305438979352;0.6069;21.0;"2007-09-26";"1986-05-30";2986.0;9847.0;2227.0;2935.0;1495.0;601.0;77.0;762.0;1996.0;2558.0;1539.0;106.0
"snydeco02";"Snyder";"Cory";0.1781;0.2467;0.6231;0.30326220169361046;0.4248;8.0;"1994-08-10";"1986-06-13";1068.0;3656.0;439.0;902.0;562.0;178.0;13.0;149.0;488.0;226.0;992.0;13.0
"seitzke01";"Seitzer";"Kevin";0.1093;0.295;0.7469;0.33903396194926566;0.4043;11.0;"1997-09-28";"1986-09-03";1439.0;5278.0;739.0;1557.0;1163.0;285.0;35.0;74.0;613.0;669.0;617.0;35.0
"palmera01";"Palmeiro";"Rafael";0.2261;0.2884;0.6053;0.3724764735643815;0.5145;19.0;"2005-08-30";"1986-09-08";2831.0;10472.0;1663.0;3020.0;1828.0;585.0;38.0;569.0;1835.0;1353.0;1348.0;87.0
"surhobj01";"Surhoff";"B. J.";0.1318;0.2817;0.712;0.3170480232298414;0.4134;18.0;"2005-10-02";"1987-04-08";2313.0;8258.0;1062.0;2326.0;1656.0;440.0;42.0;188.0;1153.0;640.0;839.0;33.0
"caminke01";"Caminiti";"Ken";0.1748;0.2719;0.6468;0.3356562080297185;0.4467;14.0;"2001-10-07";"1987-07-16";1760.0;6288.0;894.0;1710.0;1106.0;348.0;17.0;239.0;983.0;727.0;1163.0;29.0
"lindjo01";"Lind";"Jose";0.0615;0.2543;0.8064;0.26156879670188093;0.3157;8.0;"1995-08-29";"1987-08-28";1044.0;3677.0;368.0;935.0;754.0;145.0;27.0;9.0;324.0;215.0;370.0;8.0
"reedjo01";"Reed";"Jody";0.0799;0.2703;0.7563;0.30636886939571156;0.3502;10.0;"1997-08-22";"1987-09-12";1284.0;4554.0;566.0;1231.0;931.0;263.0;10.0;27.0;392.0;542.0;407.0;30.0
"anderbr01";"Anderson";"Brady";0.1696;0.2556;0.6297;0.3408952919516044;0.4251;14.0;"2002-05-20";"1988-04-04";1834.0;6499.0;1062.0;1661.0;1046.0;338.0;67.0;210.0;761.0;960.0;1190.0;154.0
"alomaro01";"Alomar";"Roberto";0.1426;0.3002;0.7085;0.34914508341511286;0.4429;16.0;"2004-09-05";"1988-04-22";2379.0;9073.0;1508.0;2724.0;1930.0;504.0;80.0;210.0;1134.0;1032.0;1140.0;50.0
"gracema01";"Grace";"Mark";0.1389;0.3032;0.7018;0.3519584124904465;0.442;15.0;"2003-09-28";"1988-05-02";2245.0;8065.0;1179.0;2445.0;1716.0;511.0;45.0;173.0;1146.0;1075.0;642.0;34.0
"biggicr01";"Biggio";"Craig";0.1518;0.2814;0.6686;0.34289539484352194;0.4332;19.0;"2007-09-30";"1988-06-26";2850.0;10876.0;1844.0;3060.0;2046.0;668.0;55.0;291.0;1175.0;1160.0;1753.0;285.0
"bicheda01";"Bichette";"Dante";0.2001;0.2987;0.6317;0.3509676004693459;0.4988;13.0;"2001-10-06";"1988-09-05";1704.0;6381.0;934.0;1906.0;1204.0;401.0;27.0;274.0;1141.0;355.0;1078.0;41.0
"finlest01";"Finley";"Steve";0.1712;0.2712;0.6558;0.33029319417475733;0.4424;18.0;"2007-06-03";"1989-04-03";2583.0;9397.0;1443.0;2548.0;1671.0;449.0;124.0;304.0;1167.0;844.0;1299.0;53.0
"griffke02";"Griffey";"Ken";0.2541;0.2837;0.5714;0.3783432036199095;0.5378;21.0;"2010-05-31";"1989-04-03";2671.0;9801.0;1662.0;2781.0;1589.0;524.0;38.0;630.0;1836.0;1312.0;1779.0;81.0
"vizquom01";"Vizquel";"Omar";0.0803;0.2718;0.7869;0.30210958063416293;0.3521;23.0;"2012-10-03";"1989-04-03";2968.0;10586.0;1445.0;2877.0;2264.0;456.0;77.0;80.0;951.0;1028.0;1087.0;49.0
"sosasa01";"Sosa";"Sammy";0.2605;0.2732;0.571;0.3678918149100257;0.5338;18.0;"2007-09-29";"1989-06-16";2354.0;8813.0;1475.0;2408.0;1375.0;379.0;45.0;609.0;1667.0;929.0;2306.0;59.0
"belleal01";"Belle";"Albert";0.2689;0.2949;0.5417;0.38785784432958337;0.5638;11.0;"2000-10-01";"1989-07-15";1539.0;5853.0;974.0;1726.0;935.0;389.0;21.0;381.0;1239.0;683.0;961.0;55.0
"zeileto01";"Zeile";"Todd";0.1587;0.2646;0.6642;0.3314000116360251;0.4233;15.0;"2004-10-03";"1989-08-18";2158.0;7573.0;986.0;2004.0;1331.0;397.0;23.0;253.0;1110.0;945.0;1279.0;42.0
"grissma02";"Grissom";"Marquis";0.1425;0.272;0.7028;0.31326930269235104;0.4145;16.0;"2005-07-31";"1989-08-22";2165.0;8275.0;1187.0;2251.0;1582.0;386.0;56.0;227.0;967.0;553.0;1240.0;31.0
"olerujo01";"Olerud";"John";0.17;0.2949;0.657;0.36670980436249156;0.465;16.0;"2005-10-02";"1989-09-03";2234.0;7592.0;1139.0;2239.0;1471.0;500.0;13.0;255.0;1230.0;1275.0;1016.0;88.0
"venturo01";"Ventura";"Robin";0.1767;0.2668;0.6573;0.3440396989884036;0.4435;15.0;"2004-10-02";"1989-09-12";2079.0;7064.0;1006.0;1885.0;1239.0;338.0;14.0;294.0;1182.0;1075.0;1179.0;23.0
"deshide01";"DeShields";"Delino";0.1094;0.2679;0.7429;0.31949823278488726;0.3772;12.0;"2002-08-08";"1990-04-09";1615.0;5779.0;872.0;1548.0;1150.0;244.0;74.0;80.0;561.0;754.0;1061.0;20.0
"frymatr01";"Fryman";"Travis";0.1688;0.274;0.6577;0.3328788110817208;0.4428;12.0;"2002-09-29";"1990-07-07";1698.0;6481.0;895.0;1776.0;1168.0;345.0;40.0;223.0;1022.0;602.0;1369.0;41.0
"thomafr04";"Thomas";"Frank";0.2539;0.301;0.5835;0.40861816071068036;0.5549;18.0;"2008-08-29";"1990-08-02";2322.0;8199.0;1494.0;2468.0;1440.0;495.0;12.0;521.0;1704.0;1667.0;1397.0;87.0
"mcraebr01";"McRae";"Brian";0.1347;0.2612;0.6819;0.3140058896138247;0.396;9.0;"1999-10-03";"1990-08-07";1354.0;5114.0;734.0;1336.0;911.0;264.0;58.0;103.0;532.0;488.0;824.0;57.0
"martiti02";"Martinez";"Tino";0.2003;0.2707;0.6234;0.3448012739656912;0.471;15.0;"2005-10-02";"1990-08-20";2023.0;7111.0;1009.0;1925.0;1200.0;365.0;21.0;339.0;1271.0;780.0;1069.0;59.0
"moranmi01";"Morandini";"Mickey";0.0906;0.2681;0.7586;0.30506189910979226;0.3587;10.0;"2000-10-01";"1990-09-01";1298.0;4558.0;597.0;1222.0;927.0;209.0;54.0;32.0;351.0;437.0;714.0;56.0
"gonzalu01";"Gonzalez";"Luis";0.1959;0.283;0.6071;0.3563600038569087;0.4789;18.0;"2008-09-28";"1990-09-04";2591.0;9157.0;1412.0;2591.0;1573.0;596.0;68.0;354.0;1439.0;1155.0;1218.0;111.0
"bagweje01";"Bagwell";"Jeff";0.2436;0.2968;0.5812;0.3981022107192926;0.5403;14.0;"2005-10-02";"1991-04-08";2150.0;7797.0;1517.0;2314.0;1345.0;488.0;32.0;449.0;1529.0;1401.0;1558.0;128.0
"knoblch01";"Knoblauch";"Chuck";0.1169;0.2889;0.7368;0.34256110581506194;0.4057;11.0;"2002-09-27";"1991-04-09";1632.0;6366.0;1132.0;1839.0;1355.0;322.0;64.0;98.0;615.0;804.0;730.0;139.0
"rodriiv01";"Rodriguez";"Ivan";0.1675;0.2965;0.6716;0.3368289618560755;0.464;20.0;"2011-09-28";"1991-06-20";2543.0;9592.0;1354.0;2844.0;1910.0;572.0;51.0;311.0;1332.0;513.0;1474.0;58.0
"vaughmo01";"Vaughn";"Mo";0.2303;0.2928;0.6247;0.3809650494733482;0.5231;12.0;"2003-05-02";"1991-06-27";1512.0;5532.0;861.0;1620.0;1012.0;270.0;10.0;328.0;1064.0;725.0;1429.0;108.0
"bellde01";"Bell";"Derek";0.145;0.2757;0.6981;0.3245352146263911;0.4207;10.0;"2001-07-03";"1991-06-28";1210.0;4578.0;642.0;1262.0;881.0;232.0;15.0;134.0;668.0;377.0;955.0;61.0
"willibe02";"Williams";"Bernie";0.1805;0.2969;0.6614;0.3654665585867621;0.4773;15.0;"2006-10-01";"1991-07-07";2076.0;7869.0;1366.0;2336.0;1545.0;449.0;55.0;287.0;1257.0;1069.0;1212.0;39.0
"castivi02";"Castilla";"Vinny";0.2001;0.2762;0.63;0.3358878419037199;0.4763;15.0;"2006-09-28";"1991-09-01";1854.0;6822.0;902.0;1884.0;1187.0;349.0;28.0;320.0;1105.0;423.0;1069.0;60.0
"karroer01";"Karros";"Eric";0.186;0.2677;0.641;0.3319186890803786;0.4537;13.0;"2004-07-21";"1991-09-01";1755.0;6441.0;797.0;1724.0;1105.0;324.0;11.0;284.0;1027.0;552.0;1167.0;31.0
"loftoke01";"Lofton";"Kenny";0.1238;0.299;0.7409;0.343816350477026;0.4228;16.0;"2007-09-29";"1991-09-14";2103.0;8120.0;1528.0;2428.0;1799.0;383.0;116.0;130.0;781.0;945.0;1016.0;32.0
"claytro01";"Clayton";"Royce";0.1088;0.258;0.7227;0.29311404515404765;0.3669;16.0;"2007-09-30";"1991-09-20";2108.0;7379.0;935.0;1904.0;1376.0;363.0;55.0;110.0;723.0;565.0;1415.0;45.0
"curtich01";"Curtis";"Chad";0.1319;0.2641;0.7059;0.32489543973941365;0.3961;9.0;"2001-09-30";"1992-04-08";1204.0;4017.0;648.0;1061.0;749.0;195.0;16.0;101.0;461.0;510.0;676.0;40.0
"kentje01";"Kent";"Jeff";0.21;0.2896;0.6002;0.36040893724910206;0.4996;16.0;"2008-09-27";"1992-04-12";2298.0;8498.0;1320.0;2461.0;1477.0;560.0;47.0;377.0;1518.0;801.0;1522.0;125.0
"boonebr01";"Boone";"Bret";0.1763;0.2656;0.6361;0.3265335057862492;0.4419;13.0;"2005-07-30";"1992-08-19";1780.0;6683.0;927.0;1775.0;1129.0;366.0;28.0;252.0;1021.0;552.0;1295.0;69.0
"piazzmi01";"Piazza";"Mike";0.2374;0.3078;0.6338;0.38681818660350054;0.5452;15.0;"2007-09-30";"1992-09-01";1912.0;6911.0;1048.0;2127.0;1348.0;344.0;8.0;427.0;1335.0;759.0;1113.0;30.0
"lansimi01";"Lansing";"Mike";0.1301;0.2708;0.6842;0.3104888443553774;0.401;8.0;"2001-09-08";"1993-04-07";1110.0;4150.0;554.0;1124.0;769.0;254.0;17.0;84.0;440.0;299.0;570.0;37.0
"mondera01";"Mondesi";"Raul";0.2116;0.2733;0.5979;0.34423807186955835;0.4849;12.0;"2005-05-27";"1993-07-19";1525.0;5814.0;909.0;1589.0;950.0;319.0;49.0;271.0;860.0;475.0;1130.0;41.0
"ramirma02";"Ramirez";"Manny";0.2732;0.3122;0.5641;0.413451517371285;0.5854;18.0;"2011-04-06";"1993-09-02";2302.0;8244.0;1544.0;2574.0;1452.0;547.0;20.0;555.0;1831.0;1329.0;1813.0;109.0
"jonesch06";"Jones";"Chipper";0.2258;0.3034;0.613;0.39116809469043506;0.5293;19.0;"2012-10-03";"1993-09-11";2499.0;8984.0;1619.0;2726.0;1671.0;549.0;38.0;468.0;1623.0;1512.0;1409.0;18.0
"greensh01";"Green";"Shawn";0.2117;0.2828;0.5966;0.3584626856200025;0.4945;14.0;"2007-09-29";"1993-09-28";1951.0;7082.0;1129.0;2003.0;1195.0;445.0;35.0;328.0;1070.0;744.0;1315.0;80.0
"delgaca01";"Delgado";"Carlos";0.2661;0.2798;0.5221;0.38639314130563107;0.5459;16.0;"2009-05-10";"1993-10-01";2035.0;7283.0;1241.0;2038.0;1064.0;483.0;18.0;473.0;1512.0;1109.0;1745.0;172.0
"greerru01";"Greer";"Rusty";0.1737;0.3045;0.6552;0.36893969986357433;0.4782;8.0;"2002-07-11";"1994-05-16";1027.0;3829.0;643.0;1166.0;764.0;258.0;25.0;119.0;614.0;519.0;555.0;22.0
"rodrial01";"Rodriguez";"Alex";0.2553;0.2948;0.5907;0.39253553828344634;0.5502;22.0;"2016-08-12";"1994-07-08";2784.0;10566.0;2021.0;3115.0;1840.0;548.0;31.0;696.0;2086.0;1338.0;2287.0;176.0
"anderga01";"Anderson";"Garret";0.1684;0.2927;0.6659;0.3283584105960265;0.4611;16.0;"2010-08-06";"1994-07-27";2228.0;8640.0;1084.0;2529.0;1684.0;522.0;36.0;287.0;1365.0;429.0;1224.0;8.0
"verasqu01";"Veras";"Quilvio";0.0917;0.2698;0.7653;0.32695886503067484;0.3615;6.0;"2001-07-13";"1995-04-25";767.0;2780.0;469.0;750.0;574.0;129.0;15.0;32.0;239.0;427.0;462.0;38.0
"alfoned01";"Alfonzo";"Edgardo";0.1404;0.2845;0.7089;0.3375237324525186;0.4249;11.0;"2006-06-11";"1995-04-26";1506.0;5385.0;777.0;1532.0;1086.0;282.0;18.0;146.0;744.0;596.0;617.0;41.0
"durhara01";"Durham";"Ray";0.1585;0.2773;0.6538;0.3376395488360931;0.4357;13.0;"2008-09-28";"1995-04-26";1975.0;7408.0;1249.0;2054.0;1343.0;440.0;79.0;192.0;875.0;820.0;1201.0;72.0
"higgibo02";"Higginson";"Bobby";0.1827;0.2721;0.6332;0.34773057733428364;0.4548;10.0;"2005-05-05";"1995-04-26";1362.0;4910.0;736.0;1336.0;846.0;270.0;33.0;187.0;709.0;649.0;796.0;37.0
"grudzma01";"Grudzielanek";"Mark";0.1039;0.2893;0.7466;0.3118180262634302;0.3932;15.0;"2010-06-06";"1995-04-28";1802.0;7052.0;946.0;2040.0;1523.0;391.0;36.0;90.0;640.0;364.0;954.0;105.0
"randajo01";"Randa";"Joe";0.1415;0.2843;0.685;0.3265749496644295;0.4258;11.0;"2006-10-01";"1995-04-30";1522.0;5428.0;697.0;1543.0;1057.0;327.0;36.0;123.0;739.0;432.0;738.0;55.0
"jeterde01";"Jeter";"Derek";0.1301;0.3095;0.7489;0.35398912241296326;0.4396;19.0;"2014-09-28";"1995-05-29";2747.0;11195.0;1923.0;3465.0;2595.0;544.0;66.0;260.0;1311.0;1082.0;1840.0;170.0
"damonjo01";"Damon";"Johnny";0.1484;0.2844;0.6873;0.337279541674367;0.4328;17.0;"2012-08-01";"1995-08-12";2490.0;9736.0;1668.0;2769.0;1903.0;522.0;109.0;235.0;1139.0;1003.0;1257.0;50.0
"gilesbr02";"Giles";"Brian";0.2117;0.2906;0.6031;0.3816779966308151;0.5024;14.0;"2009-06-18";"1995-09-16";1847.0;6527.0;1121.0;1897.0;1144.0;411.0;55.0;287.0;1078.0;1183.0;835.0;51.0
"kendaja01";"Kendall";"Jason";0.0903;0.2878;0.7704;0.3256917111678662;0.3781;14.0;"2010-08-30";"1996-04-01";2085.0;7627.0;1030.0;2195.0;1691.0;394.0;35.0;75.0;744.0;721.0;686.0;254.0
"renteed01";"Renteria";"Edgar";0.1123;0.2858;0.74;0.31937003921568624;0.3981;15.0;"2011-09-28";"1996-05-10";2152.0;8142.0;1200.0;2327.0;1722.0;436.0;29.0;140.0;923.0;718.0;1182.0;31.0
"dyeje01";"Dye";"Jermaine";0.214;0.2742;0.5992;0.3498028862242052;0.4882;13.0;"2009-10-04";"1996-05-17";1763.0;6487.0;984.0;1779.0;1066.0;363.0;25.0;325.0;1072.0;597.0;1308.0;63.0
"glanvdo01";"Glanville";"Doug";0.1027;0.2775;0.7664;0.29967629893238434;0.3802;8.0;"2004-10-03";"1996-06-09";1115.0;3964.0;553.0;1100.0;843.0;166.0;32.0;59.0;333.0;208.0;502.0;21.0
"erstada01";"Erstad";"Darin";0.1252;0.2817;0.7213;0.31833026174804835;0.4069;13.0;"2009-10-04";"1996-06-14";1654.0;6024.0;913.0;1697.0;1224.0;316.0;33.0;124.0;699.0;475.0;939.0;37.0
"rolensc01";"Rolen";"Scott";0.2097;0.2808;0.5782;0.36114381796690304;0.4904;16.0;"2012-10-03";"1996-08-01";2038.0;7398.0;1211.0;2077.0;1201.0;517.0;43.0;316.0;1287.0;899.0;1410.0;127.0
"castilu01";"Castillo";"Luis";0.0608;0.2902;0.8512;0.32071266530334014;0.351;14.0;"2010-10-03";"1996-08-08";1720.0;6510.0;1001.0;1889.0;1608.0;194.0;59.0;28.0;443.0;800.0;850.0;12.0
"jonesan01";"Jones";"Andruw";0.2312;0.2544;0.5587;0.34904451042030504;0.4856;16.0;"2012-10-03";"1996-08-15";2196.0;7599.0;1204.0;1933.0;1080.0;383.0;36.0;434.0;1289.0;891.0;1748.0;97.0
"perezne01";"Perez";"Neifi";0.1077;0.2672;0.735;0.28650265453870427;0.3749;11.0;"2007-07-05";"1996-08-31";1403.0;5127.0;640.0;1370.0;1007.0;238.0;61.0;64.0;489.0;231.0;503.0;7.0
"abreubo01";"Abreu";"Bobby";0.1835;0.2913;0.6271;0.3700989456772768;0.4748;18.0;"2014-09-28";"1996-09-01";2425.0;8480.0;1453.0;2470.0;1549.0;574.0;59.0;288.0;1363.0;1476.0;1840.0;33.0
"guerrvl01";"Guerrero";"Vladimir";0.2349;0.3176;0.6247;0.38625175388806904;0.5525;15.0;"2011-09-28";"1996-09-19";2147.0;8155.0;1328.0;2590.0;1618.0;477.0;46.0;449.0;1496.0;737.0;985.0;103.0
"cruzde01";"Cruz";"Deivi";0.1193;0.2689;0.697;0.288663488372093;0.3882;8.0;"2005-10-02";"1997-04-01";1234.0;4124.0;442.0;1109.0;773.0;250.0;16.0;70.0;464.0;132.0;429.0;24.0
"guilljo01";"Guillen";"Jose";0.1693;0.2702;0.6581;0.3248030612244898;0.4395;13.0;"2010-10-03";"1997-04-01";1650.0;5888.0;748.0;1591.0;1047.0;305.0;25.0;214.0;887.0;321.0;1103.0;145.0
"leede02";"Lee";"Derrek";0.2133;0.2814;0.5952;0.3638162251235898;0.4947;14.0;"2011-09-28";"1997-04-28";1942.0;6962.0;1081.0;1959.0;1166.0;432.0;30.0;331.0;1078.0;874.0;1622.0;70.0
"vidrojo01";"Vidro";"Jose";0.1465;0.2981;0.6844;0.3425987404647862;0.4446;11.0;"2008-08-04";"1997-06-08";1418.0;5113.0;720.0;1524.0;1043.0;341.0;12.0;128.0;654.0;478.0;556.0;37.0
"heltoto01";"Helton";"Todd";0.2227;0.3164;0.6038;0.3981436190887496;0.5391;16.0;"2013-09-29";"1997-08-02";2247.0;7962.0;1401.0;2519.0;1521.0;592.0;37.0;369.0;1406.0;1335.0;1175.0;57.0
"hunteto01";"Hunter";"Torii";0.1846;0.2768;0.637;0.3366486194727008;0.4614;18.0;"2015-10-03";"1997-08-22";2372.0;8857.0;1296.0;2452.0;1562.0;498.0;39.0;353.0;1391.0;661.0;1741.0;97.0
"tejadmi01";"Tejada";"Miguel";0.1701;0.2854;0.6685;0.3357564291204568;0.4555;16.0;"2013-08-10";"1997-08-27";2171.0;8434.0;1230.0;2407.0;1609.0;468.0;23.0;307.0;1302.0;553.0;1079.0;122.0
"ordonma01";"Ordonez";"Magglio";0.1935;0.309;0.6563;0.3693540958068285;0.5024;14.0;"2011-09-27";"1997-08-29";1848.0;6978.0;1076.0;2156.0;1415.0;426.0;21.0;294.0;1236.0;651.0;852.0;45.0
"encarju01";"Encarnacion";"Juan";0.1712;0.2698;0.6487;0.32279885262116714;0.441;10.0;"2007-08-30";"1997-09-02";1259.0;4685.0;618.0;1264.0;820.0;242.0;46.0;156.0;667.0;288.0;853.0;54.0
"ortizda01";"Ortiz";"David";0.2654;0.2861;0.5178;0.38559192307692314;0.5515;19.0;"2016-10-02";"1997-09-02";2408.0;8640.0;1419.0;2472.0;1280.0;632.0;19.0;541.0;1768.0;1319.0;1750.0;38.0
"cabreor01";"Cabrera";"Orlando";0.118;0.2718;0.7012;0.3018729686735193;0.3897;14.0;"2011-09-23";"1997-09-03";1985.0;7562.0;985.0;2055.0;1441.0;459.0;32.0;123.0;854.0;514.0;745.0;32.0
"konerpa01";"Konerko";"Paul";0.2077;0.2788;0.6338;0.357561544991511;0.4865;17.0;"2014-09-28";"1997-09-08";2349.0;8393.0;1162.0;2340.0;1483.0;410.0;8.0;439.0;1412.0;921.0;1391.0;104.0
"caseyse01";"Casey";"Sean";0.1453;0.3022;0.6969;0.34604990134529146;0.4475;11.0;"2008-09-28";"1997-09-12";1405.0;5066.0;690.0;1531.0;1067.0;322.0;12.0;130.0;735.0;477.0;577.0;62.0
"sexsori01";"Sexson";"Richie";0.2459;0.261;0.5467;0.3605889108200251;0.5069;11.0;"2008-08-13";"1997-09-14";1367.0;4928.0;748.0;1286.0;703.0;260.0;17.0;306.0;943.0;588.0;1313.0;52.0
"leetr01";"Lee";"Travis";0.1519;0.2561;0.6639;0.3205893946615824;0.408;8.0;"2006-09-01";"1998-03-31";1099.0;3740.0;476.0;958.0;636.0;191.0;16.0;115.0;488.0;457.0;704.0;9.0
"jenkige01";"Jenkins";"Geoff";0.2149;0.2751;0.5777;0.3496950715114031;0.49;10.0;"2008-09-28";"1998-04-24";1349.0;4700.0;688.0;1293.0;747.0;303.0;22.0;221.0;733.0;418.0;1186.0;96.0
"winnra01";"Winn";"Randy";0.1317;0.2844;0.6953;0.3253582021480065;0.4161;12.0;"2010-10-03";"1998-05-11";1717.0;6186.0;863.0;1759.0;1223.0;367.0;59.0;110.0;662.0;526.0;1010.0;53.0
"ramirar01";"Ramirez";"Aramis";0.2091;0.2831;0.607;0.35154649859943976;0.4921;17.0;"2015-10-03";"1998-05-26";2194.0;8136.0;1098.0;2303.0;1398.0;495.0;24.0;386.0;1417.0;633.0;1238.0;127.0
"polanpl01";"Polanco";"Placido";0.1004;0.2969;0.774;0.3203689225632464;0.3973;15.0;"2013-09-28";"1998-07-03";1927.0;7214.0;1009.0;2142.0;1658.0;348.0;32.0;104.0;723.0;429.0;538.0;101.0
"glaustr01";"Glaus";"Troy";0.2353;0.2542;0.5469;0.3612618052256532;0.4895;12.0;"2010-10-01";"1998-07-31";1537.0;5410.0;889.0;1375.0;752.0;293.0;10.0;320.0;950.0;854.0;1377.0;46.0
"lowelmi01";"Lowell";"Mike";0.1853;0.2785;0.6146;0.33975300681959086;0.4638;12.0;"2010-10-02";"1998-09-13";1601.0;5813.0;771.0;1619.0;995.0;394.0;7.0;223.0;952.0;548.0;817.0;52.0
"guzmacr01";"Guzman";"Cristian";0.1119;0.2711;0.7334;0.29603158264535395;0.3829;11.0;"2010-09-08";"1999-04-06";1406.0;5382.0;727.0;1459.0;1070.0;238.0;89.0;62.0;467.0;265.0;783.0;31.0
"leeca01";"Lee";"Carlos";0.198;0.2847;0.6278;0.34657020520463144;0.4828;13.0;"2012-10-03";"1999-05-07";2099.0;7983.0;1125.0;2273.0;1427.0;469.0;19.0;358.0;1363.0;655.0;984.0;47.0
"morame01";"Mora";"Melvin";0.1538;0.2772;0.6853;0.33734619047619047;0.431;12.0;"2011-06-29";"1999-05-30";1556.0;5422.0;794.0;1503.0;1030.0;283.0;19.0;171.0;754.0;520.0;953.0;117.0
"jonesja04";"Jones";"Jacque";0.1715;0.2769;0.6549;0.3286594041345764;0.4484;9.0;"2008-06-10";"1999-06-09";1302.0;4594.0;632.0;1272.0;833.0;255.0;19.0;165.0;630.0;314.0;949.0;36.0
"berkmla01";"Berkman";"Lance";0.2434;0.2935;0.5706;0.3952274176685833;0.5369;14.0;"2013-09-17";"1999-07-16";1879.0;6491.0;1146.0;1905.0;1087.0;422.0;30.0;366.0;1234.0;1201.0;1300.0;66.0
"wellsve01";"Wells";"Vernon";0.1893;0.2701;0.6193;0.32945378513776785;0.4593;14.0;"2013-09-29";"1999-08-30";1731.0;6642.0;930.0;1794.0;1111.0;379.0;34.0;270.0;958.0;472.0;956.0;31.0
"soriaal01";"Soriano";"Alfonso";0.2295;0.2703;0.5589;0.3432439408511661;0.4999;15.0;"2014-07-05";"1999-09-14";1975.0;7750.0;1152.0;2095.0;1171.0;481.0;31.0;412.0;1159.0;496.0;1803.0;86.0
"furcara01";"Furcal";"Rafael";0.1217;0.2805;0.7287;0.32389983233198266;0.4022;14.0;"2014-06-21";"2000-04-04";1614.0;6477.0;1063.0;1817.0;1324.0;311.0;69.0;113.0;587.0;643.0;910.0;22.0
"burrepa01";"Burrell";"Pat";0.2193;0.2531;0.5642;0.356148275862069;0.4725;11.0;"2011-09-28";"2000-05-24";1640.0;5503.0;767.0;1393.0;786.0;299.0;16.0;292.0;976.0;932.0;1564.0;31.0
"huffau01";"Huff";"Aubrey";0.1858;0.2783;0.6315;0.3398824932895914;0.4641;12.0;"2012-10-03";"2000-08-02";1681.0;6104.0;806.0;1699.0;1073.0;360.0;24.0;242.0;904.0;571.0;907.0;48.0
"pierrju01";"Pierre";"Juan";0.066;0.2946;0.8345;0.30954171294582256;0.3607;13.0;"2013-09-29";"2000-08-07";1994.0;7525.0;1075.0;2217.0;1850.0;255.0;94.0;18.0;517.0;464.0;479.0;102.0
"rolliji01";"Rollins";"Jimmy";0.1543;0.2641;0.6509;0.31723527498521586;0.4184;16.0;"2016-06-08";"2000-09-17";2275.0;9294.0;1421.0;2455.0;1598.0;511.0;115.0;231.0;936.0;813.0;1264.0;38.0
"youngmi02";"Young";"Michael";0.1409;0.2999;0.7112;0.3360021147330296;0.4409;13.0;"2013-09-29";"2000-09-29";1970.0;7918.0;1137.0;2375.0;1689.0;441.0;60.0;185.0;1030.0;575.0;1235.0;22.0
"hillesh02";"Hillenbrand";"Shea";0.1557;0.284;0.6795;0.3225315248880695;0.4398;6.0;"2007-09-20";"2001-04-02";943.0;3570.0;463.0;1014.0;689.0;202.0;15.0;108.0;490.0;140.0;464.0;69.0
"eckstda01";"Eckstein";"David";0.0748;0.2805;0.797;0.30892319513938526;0.3553;9.0;"2010-10-03";"2001-04-03";1311.0;5041.0;701.0;1414.0;1127.0;232.0;20.0;35.0;392.0;376.0;418.0;143.0
"gilesma01";"Giles";"Marcus";0.1524;0.2771;0.6568;0.3364902239709443;0.4294;6.0;"2007-09-28";"2001-04-17";792.0;2934.0;468.0;813.0;534.0;187.0;16.0;76.0;333.0;318.0;523.0;36.0
"wilkebr01";"Wilkerson";"Brad";0.193;0.2473;0.5647;0.33822392538523927;0.4402;7.0;"2008-09-28";"2001-07-12";972.0;3187.0;500.0;788.0;445.0;193.0;28.0;122.0;399.0;492.0;947.0;25.0
"dunnad01";"Dunn";"Adam";0.2528;0.237;0.5058;0.3635440516821063;0.4898;13.0;"2014-09-28";"2001-07-20";2001.0;6883.0;1097.0;1631.0;825.0;334.0;10.0;462.0;1168.0;1317.0;2379.0;86.0
"blaloha01";"Blalock";"Hank";0.1937;0.2689;0.6163;0.3359136270491803;0.4626;8.0;"2010-06-27";"2002-04-01";936.0;3567.0;507.0;959.0;591.0;198.0;17.0;153.0;542.0;313.0;720.0;19.0
"crawfca02";"Crawford";"Carl";0.1447;0.2902;0.7059;0.32671067154723354;0.4349;14.0;"2016-06-03";"2002-07-20";1716.0;6655.0;998.0;1931.0;1363.0;309.0;123.0;136.0;766.0;377.0;1067.0;47.0
"hudsoor01";"Hudson";"Orlando";0.1382;0.2734;0.6854;0.32352651614107114;0.4116;10.0;"2012-10-03";"2002-07-24";1345.0;4825.0;648.0;1319.0;904.0;256.0;66.0;93.0;542.0;483.0;825.0;30.0
"matsuhi01";"Matsui";"Hideki";0.1796;0.2821;0.652;0.3508569806811392;0.4617;9.0;"2012-07-22";"2003-03-31";1236.0;4442.0;656.0;1253.0;817.0;249.0;12.0;175.0;760.0;547.0;689.0;21.0
"teixema01";"Teixeira";"Mark";0.2409;0.2685;0.5516;0.36671728395061726;0.5094;13.0;"2016-10-02";"2003-04-01";1862.0;6936.0;1099.0;1862.0;1027.0;408.0;18.0;409.0;1298.0;918.0;1441.0;111.0
"bayja01";"Bay";"Jason";0.2144;0.2664;0.59;0.3581741799347784;0.4808;10.0;"2013-07-26";"2003-05-23";1278.0;4505.0;737.0;1200.0;708.0;240.0;30.0;222.0;754.0;636.0;1216.0;56.0
"castijo02";"Castillo";"Jose";0.1251;0.2539;0.6879;0.2861034431874078;0.379;4.0;"2008-09-28";"2004-04-07";592.0;1918.0;211.0;487.0;335.0;103.0;10.0;39.0;218.0;111.0;378.0;9.0
"larocad01";"LaRoche";"Adam";0.2022;0.2596;0.5813;0.3369597251078792;0.4618;11.0;"2015-10-02";"2004-04-07";1605.0;5593.0;752.0;1452.0;844.0;340.0;13.0;255.0;882.0;649.0;1407.0;24.0
"riosal01";"Rios";"Alex";0.1569;0.277;0.6592;0.3203997101869295;0.4339;11.0;"2015-10-04";"2004-05-27";1691.0;6419.0;885.0;1778.0;1172.0;374.0;63.0;169.0;794.0;400.0;1117.0;45.0
"cantujo01";"Cantu";"Jorge";0.1678;0.2708;0.6316;0.318898549437537;0.4386;7.0;"2011-06-14";"2004-07-17";847.0;3128.0;367.0;847.0;535.0;203.0;5.0;104.0;476.0;189.0;559.0;37.0
"wrighda03";"Wright";"David";0.1948;0.2964;0.6297;0.3666336473358846;0.4912;12.0;"2016-05-27";"2004-07-21";1583.0;5996.0;949.0;1777.0;1119.0;390.0;26.0;242.0;970.0;761.0;1292.0;45.0
"lopezjo01";"Lopez";"Jose";0.1336;0.2617;0.6836;0.291952139500371;0.3952;8.0;"2012-10-03";"2004-07-31";1036.0;3841.0;421.0;1005.0;687.0;215.0;11.0;92.0;480.0;150.0;471.0;31.0
"howarry01";"Howard";"Ryan";0.2567;0.2585;0.539;0.3576274623588457;0.5152;12.0;"2016-10-02";"2004-09-01";1572.0;5707.0;848.0;1475.0;795.0;277.0;21.0;382.0;1194.0;709.0;1843.0;59.0
"swishni01";"Swisher";"Nick";0.1982;0.2492;0.5792;0.3425432112585959;0.4474;11.0;"2015-10-02";"2004-09-03";1527.0;5369.0;805.0;1338.0;775.0;307.0;11.0;245.0;803.0;817.0;1373.0;56.0
"iguchta01";"Iguchi";"Tadahito";0.1331;0.2683;0.7045;0.3212623357664233;0.4014;3.0;"2008-09-28";"2005-04-04";493.0;1841.0;267.0;494.0;348.0;91.0;11.0;44.0;205.0;189.0;387.0;12.0
"teahema01";"Teahen";"Mark";0.1448;0.2642;0.6627;0.3150189034109021;0.409;6.0;"2011-09-28";"2005-04-04";831.0;2873.0;388.0;759.0;503.0;163.0;26.0;67.0;332.0;259.0;679.0;15.0
"fieldpr01";"Fielder";"Prince";0.223;0.2826;0.6049;0.37263209747346393;0.5056;11.0;"2016-07-18";"2005-06-13";1611.0;5821.0;862.0;1645.0;995.0;321.0;10.0;319.0;1028.0;847.0;1155.0;124.0
"francje02";"Francoeur";"Jeff";0.1549;0.261;0.6591;0.30415456327985746;0.416;11.0;"2016-10-02";"2005-07-07";1481.0;5260.0;626.0;1373.0;905.0;281.0;27.0;160.0;698.0;284.0;1080.0;60.0
"betanyu01";"Betancourt";"Yuniesky";0.1273;0.2609;0.6906;0.28528148323098723;0.3882;8.0;"2013-09-29";"2005-07-28";1156.0;4052.0;437.0;1057.0;730.0;218.0;29.0;80.0;457.0;143.0;435.0;10.0
"theriry01";"Theriot";"Ryan";0.0693;0.2807;0.8101;0.30391820224719107;0.35;7.0;"2012-10-03";"2005-09-13";899.0;3246.0;446.0;911.0;738.0;138.0;18.0;17.0;257.0;285.0;383.0;20.0
"johjike01";"Johjima";"Kenji";0.1429;0.2679;0.6914;0.3100339930151339;0.4108;3.0;"2009-10-03";"2006-04-03";462.0;1609.0;166.0;431.0;298.0;84.0;1.0;48.0;198.0;66.0;148.0;37.0
"ugglada01";"Uggla";"Dan";0.2057;0.2414;0.5727;0.33656197260273973;0.4472;9.0;"2015-10-03";"2006-04-03";1346.0;4759.0;759.0;1149.0;658.0;238.0;18.0;235.0;706.0;626.0;1341.0;70.0
"loneyja01";"Loney";"James";0.126;0.2837;0.7221;0.3178533690234447;0.4097;10.0;"2016-10-02";"2006-04-04";1443.0;5023.0;528.0;1425.0;1029.0;267.0;21.0;108.0;669.0;397.0;652.0;20.0
"bournmi01";"Bourn";"Michael";0.0913;0.2659;0.7673;0.30066605173069605;0.3572;10.0;"2016-10-02";"2006-07-30";1361.0;4784.0;678.0;1272.0;976.0;191.0;69.0;36.0;361.0;445.0;1124.0;19.0
"youngde03";"Young";"Delmon";0.138;0.2829;0.7091;0.3134592830882353;0.4209;9.0;"2015-06-29";"2006-08-29";1118.0;4108.0;473.0;1162.0;824.0;218.0;11.0;109.0;566.0;179.0;784.0;40.0
"hamiljo03";"Hamilton";"Josh";0.2256;0.2901;0.5961;0.3613808570097811;0.5157;8.0;"2015-10-04";"2007-04-02";1027.0;3909.0;609.0;1134.0;676.0;234.0;24.0;200.0;701.0;352.0;938.0;33.0
"iwamuak01";"Iwamura";"Akinori";0.1074;0.2673;0.7288;0.3146261617900172;0.3748;3.0;"2010-09-26";"2007-04-02";408.0;1545.0;222.0;413.0;301.0;74.0;22.0;16.0;117.0;183.0;330.0;6.0
"butlebi03";"Butler";"Billy";0.1514;0.2897;0.6795;0.3378587524435756;0.4411;9.0;"2016-10-02";"2007-05-01";1414.0;5105.0;592.0;1479.0;1005.0;322.0;5.0;147.0;728.0;500.0;840.0;34.0
"fukudko01";"Fukudome";"Kosuke";0.1363;0.2582;0.6667;0.3274165256124722;0.3945;4.0;"2012-06-03";"2008-03-31";596.0;1929.0;264.0;498.0;332.0;111.0;13.0;42.0;195.0;307.0;402.0;8.0
"ramiral03";"Ramirez";"Alexei";0.1223;0.2702;0.7253;0.2997198495688864;0.3925;8.0;"2016-10-02";"2008-03-31";1371.0;5134.0;601.0;1387.0;1006.0;249.0;17.0;115.0;590.0;263.0;650.0;30.0
